raceId,year,round,weather_warm,weather_cold,weather_dry,weather_wet,weather_cloudy
1,2009,1,1,0,0,0,0
2,2009,2,0,0,1,1,0
3,2009,3,0,0,0,1,0
4,2009,4,1,0,0,0,0
5,2009,5,1,0,0,0,0
6,2009,6,1,0,0,0,0
7,2009,7,1,0,0,0,0
8,2009,8,0,0,0,0,1
9,2009,9,1,0,0,0,1
10,2009,10,0,0,0,0,0
11,2009,11,1,0,1,0,0
12,2009,12,1,0,0,0,0
13,2009,13,1,0,0,0,0
14,2009,14,1,0,1,0,0
15,2009,15,0,0,1,0,0
16,2009,16,0,0,1,0,1
17,2009,17,0,0,1,0,0
18,2008,1,1,0,0,0,0
19,2008,2,0,0,0,0,1
20,2008,3,0,0,1,0,0
21,2008,4,1,0,0,0,0
22,2008,5,1,0,0,0,0
23,2008,6,0,0,0,0,0
24,2008,7,1,0,0,0,0
25,2008,8,0,0,1,1,0
26,2008,9,0,0,0,0,0
27,2008,10,0,0,0,0,0
28,2008,11,0,0,0,0,0
29,2008,12,1,0,0,0,0
30,2008,13,0,0,0,1,0
31,2008,14,0,0,1,0,0
32,2008,15,0,0,0,0,0
33,2008,16,0,0,0,0,1
34,2008,17,0,0,1,0,0
35,2008,18,0,0,0,1,0
36,2007,1,1,0,0,0,0
37,2007,2,0,0,0,0,0
38,2007,3,0,0,0,0,0
39,2007,4,1,0,0,0,0
40,2007,5,0,0,0,0,0
41,2007,6,1,0,0,0,0
42,2007,7,1,0,0,0,0
43,2007,8,0,0,0,0,1
44,2007,9,1,0,1,0,0
45,2007,10,0,0,0,1,0
46,2007,11,0,0,0,0,0
47,2007,12,1,0,0,0,0
48,2007,13,1,0,0,0,0
49,2007,14,1,0,1,0,0
50,2007,15,0,0,0,1,0
51,2007,16,0,0,0,1,0
52,2007,17,0,0,0,0,0
53,2006,1,0,0,1,0,0
54,2006,2,0,0,0,0,0
55,2006,3,1,0,0,0,1
56,2006,4,1,0,0,0,0
57,2006,5,0,0,0,0,0
58,2006,6,1,0,0,0,0
59,2006,7,1,0,0,0,0
60,2006,8,1,0,0,0,0
61,2006,9,1,0,0,0,0
62,2006,10,1,0,0,0,0
63,2006,11,1,0,0,0,0
64,2006,12,1,0,0,0,0
65,2006,13,0,1,0,1,0
66,2006,14,1,0,0,0,0
67,2006,15,1,0,0,0,0
68,2006,16,0,0,0,1,0
69,2006,17,1,0,0,0,0
70,2006,18,0,0,0,0,0
71,2005,1,0,0,0,0,1
72,2005,2,0,0,0,0,0
73,2005,3,0,0,0,0,0
74,2005,4,1,0,0,0,1
75,2005,5,1,0,0,0,0
76,2005,6,1,0,0,0,0
77,2005,7,1,0,1,0,0
78,2005,8,1,0,0,0,1
79,2005,9,0,0,0,0,0
80,2005,10,0,0,0,0,0
81,2005,11,0,0,0,0,0
82,2005,12,0,0,1,0,1
83,2005,13,0,0,0,0,0
84,2005,14,0,0,0,0,0
85,2005,15,1,0,0,0,0
86,2005,16,0,0,1,1,0
87,2005,17,0,0,0,0,0
88,2005,18,0,0,1,0,1
89,2005,19,1,0,0,0,0
90,2004,1,0,0,1,0,0
91,2004,2,0,0,0,1,0
92,2004,3,0,0,1,0,1
93,2004,4,0,0,0,0,0
94,2004,5,1,0,0,0,0
95,2004,6,1,0,1,0,0
96,2004,7,1,0,0,0,1
97,2004,8,1,0,0,0,0
98,2004,9,1,0,0,0,0
99,2004,10,1,0,0,0,0
100,2004,11,0,0,0,0,0
101,2004,12,1,0,0,0,0
102,2004,13,0,0,1,0,0
103,2004,14,0,0,1,0,0
104,2004,15,0,0,1,1,0
105,2004,16,1,0,0,0,0
106,2004,17,1,0,0,0,0
107,2004,18,0,0,0,0,0
108,2003,1,1,0,1,1,0
109,2003,2,0,0,0,0,0
110,2003,3,0,0,0,0,0
111,2003,4,0,0,0,0,1
112,2003,5,1,0,0,0,0
113,2003,6,0,0,0,1,1
114,2003,7,1,0,0,0,0
115,2003,8,1,0,0,0,1
116,2003,9,0,0,0,0,1
117,2003,10,0,0,0,0,0
118,2003,11,1,0,0,0,1
119,2003,12,1,0,0,0,0
120,2003,13,0,0,1,0,0
121,2003,14,1,0,0,0,0
122,2003,15,0,0,0,1,0
123,2003,16,0,0,0,0,0
124,2002,1,1,0,0,0,1
125,2002,2,1,0,1,0,0
126,2002,3,0,0,0,0,0
127,2002,4,0,0,0,0,0
128,2002,5,0,0,0,0,0
129,2002,6,0,0,0,0,0
130,2002,7,0,0,0,0,0
131,2002,8,1,0,0,0,0
132,2002,9,0,0,0,0,0
133,2002,10,0,0,0,0,0
134,2002,11,1,0,0,0,0
135,2002,12,0,0,0,0,0
136,2002,13,1,0,0,0,0
137,2002,14,0,0,0,0,0
138,2002,15,0,0,1,0,0
139,2002,16,1,0,0,0,0
140,2002,17,0,0,0,0,0
141,2001,1,1,0,0,0,0
142,2001,2,0,0,1,1,0
143,2001,3,0,0,1,1,0
144,2001,4,0,0,0,0,0
145,2001,5,0,0,0,0,0
146,2001,6,0,0,0,0,0
147,2001,7,1,0,0,0,0
148,2001,8,1,0,0,0,0
149,2001,9,0,0,0,0,0
150,2001,10,1,0,0,0,0
151,2001,11,0,0,0,0,0
152,2001,12,0,0,1,0,0
153,2001,13,0,0,1,0,1
154,2001,14,0,0,0,0,0
155,2001,15,0,0,0,0,0
156,2001,16,0,0,0,0,0
157,2001,17,0,0,0,0,0
158,2000,1,0,0,0,0,0
159,2000,2,0,0,0,0,0
160,2000,3,0,0,0,0,0
161,2000,4,0,0,0,0,0
162,2000,5,0,0,1,0,0
163,2000,6,0,0,1,1,0
164,2000,7,1,0,0,0,0
165,2000,8,0,0,0,0,1
166,2000,9,0,0,0,0,0
167,2000,10,0,0,1,0,0
168,2000,11,0,0,0,0,0
169,2000,12,0,0,1,0,0
170,2000,13,0,0,0,1,0
171,2000,14,1,0,0,0,0
172,2000,15,0,0,0,0,0
173,2000,16,0,0,0,0,0
174,2000,17,0,0,1,0,0
175,1999,1,1,0,1,0,0
176,1999,2,0,0,1,0,0
177,1999,3,0,0,0,0,0
178,1999,4,0,0,1,0,0
179,1999,5,0,0,1,0,0
180,1999,6,1,0,0,0,0
181,1999,7,0,0,1,1,0
182,1999,8,0,0,1,0,0
183,1999,9,0,0,1,0,0
184,1999,10,0,0,1,0,0
185,1999,11,0,0,0,0,0
186,1999,12,0,0,1,0,0
187,1999,13,1,0,1,0,0
188,1999,14,0,0,0,0,0
189,1999,15,0,0,1,0,0
190,1999,16,0,0,1,0,0
191,1998,1,1,0,0,0,0
192,1998,2,0,0,0,0,0
193,1998,3,0,0,0,0,1
194,1998,4,0,0,0,0,0
195,1998,5,1,0,0,0,0
196,1998,6,1,0,0,0,0
197,1998,7,0,1,0,0,1
198,1998,8,1,0,0,0,0
199,1998,9,0,0,0,1,0
200,1998,10,1,0,0,0,0
201,1998,11,0,0,1,0,1
202,1998,12,0,0,0,0,0
203,1998,13,0,1,0,1,0
204,1998,14,1,0,0,0,0
205,1998,15,0,0,1,0,0
206,1998,16,1,0,0,0,0
207,1997,1,0,0,1,0,0
208,1997,2,0,0,1,0,1
209,1997,3,0,0,0,0,1
210,1997,4,0,0,0,0,0
211,1997,5,0,1,0,0,0
212,1997,6,1,0,0,0,0
213,1997,7,1,0,0,0,0
214,1997,8,0,0,1,1,0
215,1997,9,0,0,1,0,0
216,1997,10,0,0,1,0,0
217,1997,11,0,0,1,0,0
218,1997,12,0,0,0,0,0
219,1997,13,0,0,1,0,0
220,1997,14,1,0,0,0,0
221,1997,15,1,0,1,0,0
222,1997,16,0,0,0,0,0
223,1997,17,1,0,0,0,0
224,1996,1,0,0,1,0,0
225,1996,2,0,0,0,0,0
226,1996,3,0,0,1,0,0
227,1996,4,0,0,1,0,0
228,1996,5,1,0,0,0,0
229,1996,6,0,0,0,1,0
230,1996,7,0,0,0,1,0
231,1996,8,1,0,0,0,0
232,1996,9,0,0,1,0,0
233,1996,10,1,0,0,0,0
234,1996,11,0,0,1,0,0
235,1996,12,1,0,0,0,0
236,1996,13,0,0,1,0,1
237,1996,14,0,0,1,0,0
238,1996,15,1,0,0,0,0
239,1996,16,1,0,1,0,0
240,1995,1,0,0,0,0,1
241,1995,2,0,0,0,0,1
242,1995,3,0,0,0,1,0
243,1995,4,1,0,0,0,0
244,1995,5,1,0,0,0,0
245,1995,6,1,0,0,0,1
246,1995,7,0,0,0,0,0
247,1995,8,0,0,0,0,0
248,1995,9,0,0,0,0,0
249,1995,10,1,0,0,0,0
250,1995,11,0,0,0,1,0
251,1995,12,1,0,0,0,0
252,1995,13,1,0,0,0,0
253,1995,14,0,0,0,0,0
254,1995,15,0,0,1,0,0
255,1995,16,0,0,0,0,0
256,1995,17,0,0,0,0,0
257,1994,1,1,0,0,0,0
258,1994,2,1,0,0,0,0
259,1994,3,1,0,0,0,0
260,1994,4,1,0,0,0,0
261,1994,5,1,0,0,0,0
262,1994,6,0,0,0,0,0
263,1994,7,1,0,0,0,0
264,1994,8,1,0,0,0,0
265,1994,9,1,0,0,0,0
266,1994,10,1,0,0,0,0
267,1994,11,1,0,0,0,0
268,1994,12,1,0,0,0,0
269,1994,13,1,0,0,0,0
270,1994,14,1,0,0,0,0
271,1994,15,0,0,0,1,0
272,1994,16,1,0,0,0,1
273,1993,1,1,0,0,0,0
274,1993,2,0,0,1,0,0
275,1993,3,0,0,1,1,0
276,1993,4,0,0,1,1,0
277,1993,5,1,0,0,0,0
278,1993,6,0,0,1,0,0
279,1993,7,0,0,0,0,0
280,1993,8,0,0,0,0,0
281,1993,9,0,0,1,0,0
282,1993,10,0,0,1,0,0
283,1993,11,0,0,0,0,0
284,1993,12,1,0,0,0,0
285,1993,13,1,0,0,0,0
286,1993,14,0,0,0,0,0
287,1993,15,0,0,0,0,1
288,1993,16,1,0,0,0,0
289,1992,1,0,0,1,0,0
290,1992,2,0,0,0,0,0
291,1992,3,0,0,1,0,0
292,1992,4,0,0,1,1,0
293,1992,5,1,0,0,0,0
294,1992,6,0,0,1,0,0
295,1992,7,0,0,1,0,0
296,1992,8,0,0,0,0,0
297,1992,9,0,0,1,0,0
298,1992,10,0,0,1,0,0
299,1992,11,0,0,1,0,0
300,1992,12,0,0,0,1,0
301,1992,13,1,0,0,0,0
302,1992,14,0,0,0,0,0
303,1992,15,0,0,0,0,1
304,1992,16,0,0,0,0,1
305,1991,1,0,0,0,0,0
306,1991,2,0,0,0,1,1
307,1991,3,0,0,1,1,0
308,1991,4,0,0,1,0,0
309,1991,5,1,0,0,0,0
310,1991,6,0,0,0,0,0
311,1991,7,0,0,0,0,0
312,1991,8,1,0,0,0,0
313,1991,9,1,0,0,0,0
314,1991,10,1,0,0,0,0
315,1991,11,0,0,0,0,0
316,1991,12,1,0,0,0,0
317,1991,13,1,0,0,0,0
318,1991,14,1,0,0,0,0
319,1991,15,1,0,0,0,0
320,1991,16,0,0,0,1,0
321,1990,1,0,1,0,0,1
322,1990,2,1,0,0,0,0
323,1990,3,1,0,0,0,0
324,1990,4,1,0,0,0,0
325,1990,5,1,0,0,0,1
326,1990,6,0,0,0,0,0
327,1990,7,1,0,0,0,0
328,1990,8,1,0,0,0,0
329,1990,9,1,0,0,0,0
330,1990,10,0,0,1,0,0
331,1990,11,0,0,1,0,0
332,1990,12,1,0,0,0,0
333,1990,13,0,0,0,0,0
334,1990,14,1,0,0,0,0
335,1990,15,1,0,0,0,0
336,1990,16,1,0,0,0,0
337,2010,1,1,0,0,0,0
338,2010,2,0,0,0,1,1
339,2010,3,0,0,1,0,0
340,2010,4,0,0,0,1,0
341,2010,5,0,0,1,0,0
342,2010,6,0,0,1,0,0
343,2010,7,0,0,0,0,0
344,2010,8,1,0,0,0,0
345,2010,9,0,0,0,0,0
346,2010,10,1,0,0,0,0
347,2010,11,0,0,0,0,0
348,2010,12,0,0,0,0,0
349,2010,13,0,0,0,1,0
350,2010,14,1,0,0,0,0
351,2010,15,0,0,0,0,0
352,2010,16,1,0,0,0,0
353,2010,17,0,0,0,0,0
354,2010,18,0,0,0,0,0
355,2010,19,0,0,0,0,0
356,1989,1,1,0,0,0,0
357,1989,2,1,0,0,0,0
358,1989,3,1,0,0,0,0
359,1989,4,1,0,0,0,0
360,1989,5,0,0,0,0,0
361,1989,6,0,1,0,1,0
362,1989,7,1,0,0,0,0
363,1989,8,1,0,0,0,0
364,1989,9,0,0,0,0,1
365,1989,10,0,0,0,0,1
366,1989,11,0,1,0,0,0
367,1989,12,1,0,0,0,0
368,1989,13,1,0,0,0,0
369,1989,14,1,0,0,0,0
370,1989,15,0,0,0,0,1
371,1989,16,0,1,0,0,0
372,1988,1,1,0,0,0,1
373,1988,2,1,0,0,0,0
374,1988,3,1,0,1,0,0
375,1988,4,1,0,0,0,0
376,1988,5,1,0,0,0,0
377,1988,6,1,0,0,0,0
378,1988,7,1,0,0,0,0
379,1988,8,0,1,0,1,0
380,1988,9,0,1,0,1,0
381,1988,10,1,0,0,0,0
382,1988,11,0,0,1,0,1
383,1988,12,1,0,0,0,0
384,1988,13,1,0,0,0,0
385,1988,14,1,0,0,0,0
386,1988,15,0,1,0,1,0
387,1988,16,1,0,0,0,1
388,1987,1,1,0,0,0,0
389,1987,2,1,0,0,0,0
390,1987,3,0,1,0,0,1
391,1987,4,1,0,0,0,0
392,1987,5,1,0,0,1,0
393,1987,6,1,0,0,0,0
394,1987,7,1,0,0,0,0
395,1987,8,0,0,0,0,0
396,1987,9,0,0,1,0,0
397,1987,10,0,0,1,0,0
398,1987,11,0,0,1,0,0
399,1987,12,0,0,1,0,0
400,1987,13,1,0,0,0,0
401,1987,14,1,0,0,0,0
402,1987,15,0,0,1,0,0
403,1987,16,1,0,0,0,0
404,1986,1,1,0,1,0,0
405,1986,2,1,0,1,0,0
406,1986,3,1,0,0,0,0
407,1986,4,0,0,1,0,0
408,1986,5,0,0,1,0,0
409,1986,6,0,0,1,0,0
410,1986,7,1,0,0,0,1
411,1986,8,0,0,1,0,0
412,1986,9,1,0,0,0,0
413,1986,10,0,0,1,0,0
414,1986,11,0,0,0,0,0
415,1986,12,0,0,1,0,0
416,1986,13,0,0,1,0,0
417,1986,14,0,0,1,0,0
418,1986,15,1,0,0,0,0
419,1986,16,1,0,0,0,0
420,1985,1,0,0,1,0,0
421,1985,2,0,0,0,1,0
422,1985,3,0,0,0,0,0
423,1985,4,0,0,1,0,0
424,1985,5,1,0,0,0,0
425,1985,6,1,1,0,0,0
426,1985,7,0,0,0,0,0
427,1985,8,0,0,0,0,1
428,1985,9,0,0,1,0,0
429,1985,10,0,0,1,0,0
430,1985,11,1,0,0,0,0
431,1985,12,0,0,1,0,0
432,1985,13,0,0,0,0,0
433,1985,14,0,0,0,0,0
434,1985,15,0,0,1,0,0
435,1985,16,1,0,0,0,0
436,1984,1,0,0,1,0,0
437,1984,2,0,0,1,0,0
438,1984,3,0,0,0,0,0
439,1984,4,0,0,0,0,0
440,1984,5,0,0,1,0,0
441,1984,6,0,0,0,1,0
442,1984,7,0,0,1,0,0
443,1984,8,1,0,0,0,0
444,1984,9,1,0,0,0,0
445,1984,10,0,0,0,0,0
446,1984,11,0,0,1,0,0
447,1984,12,0,0,1,0,0
448,1984,13,1,0,0,0,0
449,1984,14,0,0,1,0,0
450,1984,15,1,0,0,0,0
451,1984,16,0,0,1,0,0
452,1983,1,0,0,1,0,0
453,1983,2,1,0,0,0,0
454,1983,3,0,0,0,0,1
455,1983,4,0,0,0,0,0
456,1983,5,0,0,0,1,0
457,1983,6,0,0,0,0,0
458,1983,7,1,0,0,0,0
459,1983,8,1,0,0,0,0
460,1983,9,0,0,0,0,0
461,1983,10,0,0,1,0,0
462,1983,11,0,0,1,0,0
463,1983,12,0,0,0,0,1
464,1983,13,0,0,1,0,0
465,1983,14,0,0,1,0,0
466,1983,15,0,0,1,0,0
467,1982,1,0,0,1,0,0
468,1982,2,0,0,1,0,0
469,1982,3,1,0,0,0,0
470,1982,4,0,0,0,0,0
471,1982,5,0,1,0,0,0
472,1982,6,0,0,0,1,0
473,1982,7,1,0,0,0,0
474,1982,8,0,0,0,0,1
475,1982,9,0,0,0,0,1
476,1982,10,0,0,0,0,0
477,1982,11,0,0,1,0,0
478,1982,12,0,0,1,0,0
479,1982,13,1,0,0,0,0
480,1982,14,0,0,1,0,0
481,1982,15,0,0,1,0,0
482,1982,16,1,0,0,0,0
483,1981,1,1,0,0,0,0
484,1981,2,0,0,0,1,0
485,1981,3,0,0,1,0,0
486,1981,4,0,1,0,0,0
487,1981,5,0,0,0,0,0
488,1981,6,0,0,1,0,0
489,1981,7,1,0,0,0,0
490,1981,8,0,0,0,1,0
491,1981,9,0,0,1,0,0
492,1981,10,0,0,1,1,0
493,1981,11,0,0,1,0,0
494,1981,12,0,0,1,0,0
495,1981,13,1,0,1,0,0
496,1981,14,0,1,0,1,0
497,1981,15,1,0,0,0,0
498,1980,1,0,0,1,0,0
499,1980,2,0,0,1,0,0
500,1980,3,0,0,1,0,0
501,1980,4,1,0,0,0,0
502,1980,5,0,0,1,0,0
503,1980,6,0,0,1,1,0
504,1980,7,0,0,1,0,0
505,1980,8,0,0,0,0,0
506,1980,9,0,0,1,0,0
507,1980,10,0,0,1,0,0
508,1980,11,0,0,1,0,0
509,1980,12,0,0,1,0,0
510,1980,13,0,1,1,0,0
511,1980,14,0,0,1,0,1
512,1979,1,0,0,1,0,0
513,1979,2,0,0,1,0,0
514,1979,3,0,0,0,1,0
515,1979,4,1,0,0,0,0
516,1979,5,0,0,1,0,0
517,1979,6,0,0,1,0,0
518,1979,7,0,0,1,0,0
519,1979,8,0,0,1,0,0
520,1979,9,0,0,1,0,0
521,1979,10,0,0,1,0,0
522,1979,11,0,0,1,0,0
523,1979,12,0,0,1,0,0
524,1979,13,1,0,1,0,0
525,1979,14,1,0,1,0,0
526,1979,15,0,0,0,1,0
527,1978,1,0,0,1,0,0
528,1978,2,0,0,1,0,0
529,1978,3,0,0,1,0,0
530,1978,4,0,0,0,0,1
531,1978,5,0,0,1,0,0
532,1978,6,0,0,1,0,0
533,1978,7,0,0,1,0,0
534,1978,8,1,0,0,0,0
535,1978,9,0,0,1,0,0
536,1978,10,0,0,1,0,0
537,1978,11,0,0,1,0,0
538,1978,12,0,0,0,1,0
539,1978,13,0,0,1,0,0
540,1978,14,1,0,0,0,0
541,1978,15,0,0,1,0,0
542,1978,16,0,0,0,0,0
543,1977,1,0,0,1,0,0
544,1977,2,0,0,1,0,0
545,1977,3,1,0,0,0,0
546,1977,4,1,0,0,0,0
547,1977,5,0,0,0,0,0
548,1977,6,0,0,1,0,0
549,1977,7,0,0,0,1,0
550,1977,8,0,0,1,0,0
551,1977,9,0,0,1,0,0
552,1977,10,1,0,0,0,0
553,1977,11,0,0,1,0,0
554,1977,12,0,0,0,0,0
555,1977,13,0,0,1,0,0
556,1977,14,0,0,1,0,0
557,1977,15,0,0,0,1,0
558,1977,16,0,1,0,0,0
559,1977,17,0,0,1,0,0
560,1976,1,1,0,0,0,0
561,1976,2,1,0,0,0,0
562,1976,3,1,0,0,0,0
563,1976,4,0,0,0,0,0
564,1976,5,0,0,0,0,0
565,1976,6,0,0,1,0,0
566,1976,7,0,0,1,0,0
567,1976,8,0,0,0,0,0
568,1976,9,0,0,1,0,0
569,1976,10,0,0,0,1,0
570,1976,11,0,0,0,0,0
571,1976,12,0,0,1,0,0
572,1976,13,0,0,0,0,0
573,1976,14,1,0,0,0,0
574,1976,15,1,0,0,0,0
575,1976,16,0,0,0,1,0
576,1975,1,1,0,0,0,0
577,1975,2,1,0,1,0,0
578,1975,3,1,0,0,0,0
579,1975,4,1,0,0,0,0
580,1975,5,0,0,0,0,0
581,1975,6,1,0,1,0,0
582,1975,7,0,0,1,0,0
583,1975,8,0,0,0,0,0
584,1975,9,1,0,1,0,0
585,1975,10,0,0,0,1,0
586,1975,11,1,0,1,0,0
587,1975,12,0,0,0,1,0
588,1975,13,1,0,1,0,0
589,1975,14,1,0,0,0,0
590,1974,1,1,0,0,0,0
591,1974,2,0,0,1,0,1
592,1974,3,0,0,0,0,0
593,1974,4,0,0,0,0,0
594,1974,5,0,0,0,0,0
595,1974,6,0,0,0,0,0
596,1974,7,0,0,0,0,0
597,1974,8,0,0,0,0,0
598,1974,9,0,0,0,0,0
599,1974,10,0,0,0,0,0
600,1974,11,0,0,0,1,0
601,1974,12,0,0,0,0,0
602,1974,13,0,0,0,0,0
603,1974,14,0,1,0,0,0
604,1974,15,1,0,0,0,0
605,1973,1,0,0,0,0,0
606,1973,2,1,0,0,0,1
607,1973,3,0,0,1,0,0
608,1973,4,0,0,1,0,0
609,1973,5,0,0,1,0,0
610,1973,6,0,0,0,0,0
611,1973,7,0,0,0,0,0
612,1973,8,1,0,0,0,0
613,1973,9,0,0,1,0,0
614,1973,10,0,0,1,0,0
615,1973,11,0,0,1,0,0
616,1973,12,0,0,0,0,0
617,1973,13,0,0,0,0,0
618,1973,14,1,0,0,0,0
619,1973,15,0,0,0,0,1
620,1972,1,0,0,0,0,0
621,1972,2,0,0,1,0,0
622,1972,3,0,0,0,0,0
623,1972,4,0,0,0,1,0
624,1972,5,0,0,0,0,0
625,1972,6,0,0,0,0,0
626,1972,7,0,0,1,0,0
627,1972,8,0,0,0,0,0
628,1972,9,1,0,0,0,0
629,1972,10,1,0,1,0,0
630,1972,11,1,0,0,0,0
631,1972,12,1,0,0,1,0
632,1971,1,0,0,1,0,0
633,1971,2,0,0,1,0,0
634,1971,3,0,0,0,0,1
635,1971,4,0,0,0,1,0
636,1971,5,0,0,0,0,0
637,1971,6,0,0,1,0,0
638,1971,7,0,0,0,0,0
639,1971,8,0,0,1,0,0
640,1971,9,0,0,0,0,0
641,1971,10,0,1,0,0,0
642,1971,11,0,0,1,0,0
643,1970,1,0,0,1,0,0
644,1970,2,0,0,1,0,0
645,1970,3,1,0,0,0,0
646,1970,4,0,0,0,0,0
647,1970,5,0,0,0,0,1
648,1970,6,0,0,0,0,1
649,1970,7,0,0,0,0,0
650,1970,8,0,0,0,0,0
651,1970,9,0,0,0,0,0
652,1970,10,0,0,1,0,0
653,1970,11,1,0,0,0,0
654,1970,12,0,0,1,0,1
655,1970,13,0,0,0,0,0
656,1969,1,0,0,1,0,0
657,1969,2,0,0,1,0,0
658,1969,3,0,0,1,0,0
659,1969,4,0,0,1,0,0
660,1969,5,0,0,1,0,0
661,1969,6,0,0,1,0,0
662,1969,7,0,0,0,0,0
663,1969,8,0,0,1,0,0
664,1969,9,1,0,0,0,0
665,1969,10,0,0,1,0,0
666,1969,11,1,0,1,0,0
667,1968,1,0,0,1,0,0
668,1968,2,0,0,1,0,0
669,1968,3,0,0,1,0,0
670,1968,4,0,0,1,0,0
671,1968,5,0,0,0,1,0
672,1968,6,0,0,0,1,0
673,1968,7,0,0,1,0,0
674,1968,8,0,0,0,1,0
675,1968,9,0,0,1,0,0
676,1968,10,1,0,0,0,0
677,1968,11,0,0,0,0,0
678,1968,12,0,0,1,0,0
679,1967,1,0,0,0,0,0
680,1967,2,0,0,0,0,0
681,1967,3,0,0,0,0,0
682,1967,4,0,0,0,0,0
683,1967,5,0,0,0,0,0
684,1967,6,0,0,0,0,0
685,1967,7,1,0,1,0,0
686,1967,8,0,0,0,1,0
687,1967,9,0,0,1,0,0
688,1967,10,1,0,0,0,0
689,1967,11,0,0,0,0,0
690,1966,1,0,0,1,0,0
691,1966,2,0,0,0,1,1
692,1966,3,0,0,1,0,0
693,1966,4,0,0,0,0,0
694,1966,5,0,0,1,0,0
695,1966,6,0,0,0,1,1
696,1966,7,1,0,1,0,0
697,1966,8,0,0,1,0,0
698,1966,9,1,0,0,0,0
699,1965,1,0,0,0,0,0
700,1965,2,0,0,0,0,0
701,1965,3,0,0,0,1,0
702,1965,4,1,0,0,0,0
703,1965,5,0,0,1,0,1
704,1965,6,0,0,0,0,0
705,1965,7,0,0,1,0,1
706,1965,8,0,0,0,0,0
707,1965,9,0,1,0,0,0
708,1965,10,0,0,0,0,0
709,1964,1,0,0,0,0,0
710,1964,2,0,0,1,0,0
711,1964,3,0,0,1,0,0
712,1964,4,0,0,1,0,0
713,1964,5,0,0,1,0,0
714,1964,6,0,0,1,0,0
715,1964,7,0,0,1,0,0
716,1964,8,0,0,1,0,0
717,1964,9,1,0,0,0,0
718,1964,10,0,0,0,0,0
719,1963,1,1,0,1,0,0
720,1963,2,0,0,0,1,1
721,1963,3,1,0,0,0,0
722,1963,4,0,0,0,1,0
723,1963,5,1,0,1,0,0
724,1963,6,1,0,1,0,0
725,1963,7,1,0,1,0,0
726,1963,8,1,0,0,0,0
727,1963,9,0,0,1,0,0
728,1963,10,0,0,1,0,0
729,1962,1,1,0,0,0,0
730,1962,2,0,0,0,0,1
731,1962,3,1,0,0,0,0
732,1962,4,1,0,0,0,0
733,1962,5,1,0,0,0,0
734,1962,6,0,0,0,1,0
735,1962,7,0,0,0,1,0
736,1962,8,1,0,0,0,0
737,1962,9,0,0,0,0,0
738,1961,1,1,0,0,0,0
739,1961,2,1,0,0,0,0
740,1961,3,1,0,0,0,0
741,1961,4,1,0,0,0,0
742,1961,5,0,0,0,0,0
743,1961,6,0,0,0,1,0
744,1961,7,1,0,0,0,0
745,1961,8,0,0,0,0,0
746,1960,1,0,0,1,0,0
747,1960,2,0,0,0,0,0
748,1960,3,0,0,0,0,0
749,1960,4,0,0,0,0,0
750,1960,5,0,0,0,0,0
751,1960,6,0,0,1,0,0
752,1960,7,0,0,0,0,0
753,1960,8,0,0,0,0,0
754,1960,9,0,0,1,0,0
755,1960,10,0,0,0,0,0
756,1959,1,1,0,0,0,0
757,1959,2,0,0,0,0,0
758,1959,3,1,0,0,0,0
759,1959,4,0,0,1,0,0
760,1959,5,0,0,1,0,0
761,1959,6,0,0,1,0,0
762,1959,7,1,0,0,0,0
763,1959,8,1,0,1,0,0
764,1959,9,1,0,0,0,0
765,1958,1,0,0,0,0,0
766,1958,2,0,0,0,0,0
767,1958,3,0,0,0,0,0
768,1958,4,0,0,0,0,0
769,1958,5,0,0,1,0,0
770,1958,6,0,0,0,0,0
771,1958,7,0,0,0,0,0
772,1958,8,0,0,0,0,0
773,1958,9,0,0,0,0,0
774,1958,10,0,0,0,0,0
775,1958,11,1,0,0,0,0
776,1957,1,0,0,0,0,0
777,1957,2,0,0,0,0,0
778,1957,3,0,0,1,0,0
779,1957,4,0,0,0,0,0
780,1957,5,0,0,0,0,0
781,1957,6,0,0,0,0,0
782,1957,7,0,0,1,0,0
783,1957,8,0,0,0,0,0
784,1956,1,0,0,1,0,1
785,1956,2,1,0,0,0,0
786,1956,3,0,0,1,0,0
787,1956,4,0,0,0,1,0
788,1956,5,0,0,0,0,0
789,1956,6,0,0,1,0,0
790,1956,7,0,0,0,0,0
791,1956,8,0,0,0,1,0
792,1955,1,1,0,1,0,0
793,1955,2,0,0,0,0,0
794,1955,3,0,1,0,0,0
795,1955,4,0,0,0,0,0
796,1955,5,0,0,0,0,0
797,1955,6,0,0,0,0,0
798,1955,7,0,0,0,0,0
799,1954,1,0,0,0,1,0
800,1954,2,1,0,0,0,0
801,1954,3,0,0,1,0,0
802,1954,4,0,0,0,1,0
803,1954,5,0,0,0,1,0
804,1954,6,0,0,1,0,0
805,1954,7,0,0,0,1,0
806,1954,8,0,0,1,0,0
807,1954,9,0,0,1,0,0
808,1953,1,0,0,1,0,0
809,1953,2,1,0,0,0,0
810,1953,3,0,0,1,0,0
811,1953,4,0,0,1,0,0
812,1953,5,0,0,1,0,0
813,1953,6,0,0,0,1,0
814,1953,7,0,0,1,0,0
815,1953,8,0,0,1,0,0
816,1953,9,0,0,1,0,0
817,1952,1,1,0,0,0,0
818,1952,2,1,0,0,0,0
819,1952,3,0,0,0,1,0
820,1952,4,0,0,0,1,0
821,1952,5,0,0,0,0,0
822,1952,6,1,0,0,0,0
823,1952,7,0,0,0,1,0
824,1952,8,1,0,0,0,0
825,1951,1,0,0,0,1,0
826,1951,2,1,0,0,0,0
827,1951,3,0,0,1,0,0
828,1951,4,0,0,1,0,0
829,1951,5,0,0,1,0,0
830,1951,6,0,0,1,0,0
831,1951,7,1,0,0,0,0
832,1951,8,0,0,1,0,0
833,1950,1,0,0,0,0,0
834,1950,2,0,0,0,0,0
835,1950,3,0,0,0,1,0
836,1950,4,1,0,1,0,0
837,1950,5,1,0,1,0,0
838,1950,6,1,0,0,0,0
839,1950,7,1,0,0,0,0
841,2011,1,0,0,0,0,0
842,2011,2,0,0,1,0,0
843,2011,3,1,0,0,0,0
844,2011,4,1,0,0,0,0
845,2011,5,1,0,0,0,0
846,2011,6,1,0,0,0,0
847,2011,7,0,0,0,1,0
848,2011,8,1,0,0,0,0
849,2011,9,0,0,0,1,0
850,2011,10,0,0,0,1,0
851,2011,11,0,0,0,1,0
852,2011,12,0,0,1,0,0
853,2011,13,1,0,0,0,0
854,2011,14,1,0,0,0,0
855,2011,15,1,0,1,0,0
856,2011,16,0,0,0,1,0
857,2011,17,1,0,1,0,0
858,2011,18,1,0,1,0,0
859,2011,19,1,0,0,0,0
860,2012,1,0,0,0,0,0
861,2012,2,0,0,0,1,1
862,2012,3,0,0,0,0,1
863,2012,4,1,0,0,0,0
864,2012,5,0,0,1,0,0
865,2012,6,1,0,0,1,0
866,2012,7,0,0,1,0,0
867,2012,8,1,0,0,0,0
868,2012,9,0,0,0,0,0
869,2012,10,1,0,0,0,0
870,2012,11,1,0,0,0,0
871,2012,12,1,0,0,0,0
872,2012,13,0,0,1,0,0
873,2012,14,1,0,0,0,0
874,2012,15,1,0,0,0,0
875,2012,16,1,0,0,0,0
876,2012,17,0,0,0,0,0
877,2012,18,0,0,0,0,0
878,2012,19,0,0,0,0,0
879,2012,20,0,0,0,1,0
880,2013,1,1,0,0,0,0
881,2013,2,0,0,1,1,1
882,2013,3,0,0,0,0,0
883,2013,4,0,0,0,0,0
884,2013,5,1,0,0,0,0
885,2013,6,1,0,0,0,0
886,2013,7,1,0,0,0,0
887,2013,8,0,0,1,0,0
888,2013,9,1,0,0,0,0
890,2013,10,1,0,0,0,0
891,2013,11,0,0,0,0,0
892,2013,12,0,0,0,0,1
893,2013,13,0,0,1,0,0
894,2013,14,0,0,0,0,1
895,2013,15,1,0,0,0,0
896,2013,16,0,0,0,0,0
897,2013,17,1,0,0,0,0
898,2013,18,0,0,0,0,0
899,2013,19,0,0,0,0,0
900,2014,1,0,0,0,0,0
901,2014,2,0,0,0,0,0
902,2014,3,0,0,1,0,0
903,2014,4,0,0,1,0,0
904,2014,5,1,0,0,0,0
905,2014,6,0,0,0,0,0
906,2014,7,0,0,0,0,0
907,2014,8,1,0,1,0,0
908,2014,9,0,0,0,0,1
909,2014,10,0,0,0,0,1
910,2014,11,0,0,0,1,0
911,2014,12,0,0,0,0,1
912,2014,13,0,0,0,0,0
913,2014,14,0,0,0,0,0
914,2014,15,0,0,0,0,0
915,2014,16,1,0,0,0,0
916,2014,17,0,0,0,0,0
917,2014,18,0,0,0,0,0
918,2014,19,1,0,0,0,0
931,2015,6,0,0,0,0,0
932,2015,7,0,0,0,0,0
929,2015,4,0,0,0,0,0
930,2015,5,0,0,0,0,0
928,2015,3,0,0,0,0,0
926,2015,1,0,0,0,0,0
927,2015,2,0,0,0,0,0
933,2015,8,0,0,0,0,0
934,2015,9,0,0,0,1,0
936,2015,10,0,0,0,0,0
937,2015,11,0,0,0,0,0
938,2015,12,0,0,0,0,0
939,2015,13,0,0,0,0,0
940,2015,14,0,0,0,0,0
941,2015,15,0,0,0,0,0
942,2015,16,0,0,0,0,0
943,2015,17,0,0,0,0,0
944,2015,18,0,0,0,0,0
945,2015,19,0,0,0,0,0
948,2016,1,0,0,0,0,0
949,2016,2,0,0,0,0,0
950,2016,3,0,0,0,0,0
951,2016,4,0,0,0,0,0
952,2016,5,0,0,0,0,0
953,2016,6,0,0,1,1,0
954,2016,7,0,0,0,0,0
955,2016,8,0,0,0,0,0
956,2016,9,0,0,0,0,1
957,2016,10,0,0,1,1,0
958,2016,11,1,0,0,0,0
959,2016,12,0,0,1,0,1
960,2016,13,0,0,1,0,1
961,2016,14,1,0,0,0,0
962,2016,15,0,0,0,0,0
963,2016,16,0,0,0,0,0
964,2016,17,0,0,0,0,1
965,2016,18,1,0,0,0,0
966,2016,19,1,0,0,0,0
967,2016,20,0,0,0,1,0
968,2016,21,1,0,0,0,0
969,2017,1,0,0,0,0,0
970,2017,2,0,0,0,1,0
971,2017,3,0,0,0,0,0
972,2017,4,0,0,0,0,0
973,2017,5,0,0,0,0,0
974,2017,6,0,0,0,0,0
975,2017,7,1,0,0,0,0
976,2017,8,1,0,0,0,0
977,2017,9,0,0,0,0,1
978,2017,10,0,0,0,0,1
979,2017,11,1,0,0,0,0
980,2017,12,0,0,1,0,1
981,2017,13,1,0,0,0,0
982,2017,14,0,0,0,1,0
983,2017,15,0,0,0,0,1
984,2017,16,1,0,0,0,0
985,2017,17,1,0,0,0,0
986,2017,18,0,0,1,0,0
987,2017,19,0,0,0,0,0
988,2017,20,1,0,0,0,0
989,2018,1,1,0,0,0,0
990,2018,2,0,0,0,0,0
991,2018,3,0,0,0,0,0
992,2018,4,0,0,0,0,1
993,2018,5,0,0,0,0,1
994,2018,6,0,0,0,0,0
995,2018,7,0,0,0,0,0
996,2018,8,1,0,1,0,0
997,2018,9,1,0,0,0,0
998,2018,10,1,0,0,0,0
999,2018,11,0,0,0,1,1
1000,2018,12,0,0,0,0,0
1001,2018,13,0,0,0,0,0
1002,2018,14,0,0,0,0,0
1003,2018,15,0,0,0,0,0
1004,2018,16,0,0,0,0,0
1005,2018,17,0,0,0,0,0
1006,2018,18,0,0,0,0,0
1007,2018,19,0,0,0,0,0
1008,2018,20,0,0,0,0,0
1009,2018,21,0,0,0,0,0
1010,2019,1,0,0,0,0,0
1011,2019,2,1,0,0,0,0
1012,2019,3,0,0,0,0,0
1013,2019,4,0,0,0,0,0
1014,2019,5,0,0,0,0,0
1015,2019,6,0,0,0,0,1
1016,2019,7,0,0,0,0,0
1017,2019,8,1,0,0,0,0
1018,2019,9,0,0,0,0,0
1019,2019,10,0,0,0,0,1
1020,2019,11,0,0,0,0,1
1021,2019,12,1,0,0,0,0
1022,2019,13,0,0,0,0,1
1023,2019,14,0,0,0,0,1
1024,2019,15,0,0,0,0,0
1025,2019,16,0,0,0,0,1
1026,2019,17,1,0,0,0,0
1027,2019,18,0,0,0,0,1
1028,2019,19,1,0,0,0,0
1029,2019,20,1,0,0,0,0
1030,2019,21,1,0,0,0,0
1031,2020,1,1,0,0,0,0
1032,2020,2,1,0,0,0,0
1033,2020,3,0,0,0,1,1
1034,2020,4,0,0,0,0,1
1035,2020,5,1,0,0,0,0
1036,2020,6,0,0,0,0,1
1037,2020,7,0,0,0,0,1
1038,2020,8,1,0,0,0,0
1039,2020,9,1,0,0,0,0
1040,2020,10,1,0,0,0,0
1041,2020,11,0,0,0,0,0
1042,2020,12,0,0,0,0,1
1043,2020,13,0,0,0,0,1
1044,2020,14,0,0,0,1,0
1045,2020,15,1,0,0,0,0
1046,2020,16,1,0,0,0,0
1047,2020,17,1,0,0,0,0
1053,2021,2,0,0,0,1,0
1052,2021,1,0,0,0,0,0
1051,2021,21,0,0,0,0,0
1054,2021,3,0,0,0,0,0
1055,2021,4,0,0,0,0,1
1056,2021,5,1,0,0,0,0
1057,2021,6,1,0,0,0,0
1058,2021,8,0,0,0,0,1
1059,2021,7,0,0,0,0,0
1060,2021,9,0,0,0,0,1
1061,2021,10,0,0,0,0,0
1062,2021,11,0,0,0,0,0
1063,2021,12,0,0,0,0,0
1064,2021,13,0,0,0,0,0
1065,2021,14,0,0,0,0,0
1066,2021,15,0,0,0,0,0
1067,2021,16,0,0,0,0,0
1068,2021,17,0,0,0,0,0
1069,2021,18,0,0,0,0,0
1070,2021,19,0,0,0,0,0
1071,2021,20,0,0,0,0,0
1072,2021,22,0,0,0,0,0
1073,2021,23,0,0,0,0,0
